# File;RA;Decl;SN_UV;z_spec
gds-deep-v2_prism-clear_1210_16374.spec.fits;53.115717;-27.7749551;60.52506376793507;5.505042
macs0417-v2_prism-clear_1208_6521.spec.fits;64.41907755458189;-11.9059241024554;13.38923111380488;5.505042
ceers-v2_prism-clear_1345_381.spec.fits;214.819671;52.879755;12.015362634215602;5.51611
gds-udeep-v2_prism-clear_3215_201906.spec.fits;53.1456465;-27.80149879999999;12.23727175496832;5.51937
gds-barrufet-s156-v2_prism-clear_2198_10840.spec.fits;53.13978172241519;-27.85343789710197;30.901322385894513;5.52067
jades-gds-wide2-v2_prism-clear_1180_9924.spec.fits;53.1466805;-27.78619689999999;75.11489351364017;5.52589
uncover-v2_prism-clear_2561_34556.spec.fits;3.55293011547151;-30.36415032677206;7.341845585490704;5.531768
abell2744-ddt-v2_prism-clear_2756_50017.spec.fits;3.57005581596541;-30.4036929568536;23.27645751139146;5.540919
uncover-v2_prism-clear_2561_12065.spec.fits;3.570058411157738;-30.40368850435579;41.26176611402828;5.544844
macsj0647-v2_prism-clear_1433_3777.spec.fits;101.964097;70.245565;24.40738189406778;5.546153
jades-gds-wide2-v2_prism-clear_1180_13189.spec.fits;53.13198610000001;-27.77919120000001;29.06464476683437;5.55139
jades-gdn2-v2_prism-clear_1181_761.spec.fits;189.1808924;62.2388768;30.803787275345588;5.55336
jades-gdn2-v2_prism-clear_1181_761.spec.fits;189.1808924;62.2388768;30.803787275345588;5.55336
jades-gdn2-v2_prism-clear_1181_761.spec.fits;189.1808924;62.2388768;30.803787275345588;5.55336
macs1149-v2_prism-clear_1208_5105737.spec.fits;177.3656367241251;22.38257512104028;19.74402877924839;5.55729
abell370-v2_prism-clear_1208_2104437.spec.fits;39.98378409952928;-1.6245040395426713;22.83758801433912;5.560571
gds-udeep-v2_prism-clear_3215_208643.spec.fits;53.13021190000001;-27.77835979999998;50.18729890103798;5.56582
gds-udeep-v2_prism-clear_3215_30080873.spec.fits;53.1516685;-27.8092499;35.366787779973535;5.57108
gds-deep-v2_prism-clear_1210_13577.spec.fits;53.1300104;-27.7784024;138.67458196886045;5.571733
jades-gds-wide2-v2_prism-clear_b386.spec.fits;53.1820020325344;-27.814794068108288;11.809423217190202;5.59148
jades-gdn2-v2_prism-clear_1181_27003.spec.fits;189.0145954;62.2682048;71.25496944516047;5.60137
jades-gdn2-v2_prism-clear_1181_27003.spec.fits;189.0145954;62.2682048;71.25496944516047;5.60137
jades-gdn2-v2_prism-clear_1181_27003.spec.fits;189.0145954;62.2682048;71.25496944516047;5.60137
macs0416-v2_prism-clear_1208_3107623.spec.fits;64.07266950357713;-24.08978944918198;12.51156426246672;5.602693
jades-gds1-v2_prism-clear_1286_32880.spec.fits;53.1734962;-27.82506749999999;10.163019700871654;5.606
jades-gds1-v2_prism-clear_1286_34104.spec.fits;53.1806374;-27.82239340000001;84.76943593905438;5.60666
rubies-uds3-v2_prism-clear_4233_-114.spec.fits;34.30216578956751;-5.253776501169853;16.662327952707702;5.61261
gds-deep-v2_prism-clear_1210_13877.spec.fits;53.1305737;-27.80772509999997;30.937672644242696;5.61525
macs0417-v2_prism-clear_1208_400023.spec.fits;64.38479792242171;-11.80303414070721;7.5790318781862345;5.616573
macs0416-v2_prism-clear_1208_3116677.spec.fits;64.0576410702366;-24.09583146686197;18.07120105551477;5.617897
uncover-v2_prism-clear_2561_41274.spec.fits;3.56819094109948;-30.35228808252373;39.17410553036094;5.622531
gds-barrufet-s156-v2_prism-clear_2198_8057.spec.fits;53.15843909975146;-27.8593082221621;19.511346807013243;5.62651
uncover-v2_prism-clear_2561_28110.spec.fits;3.620651311659063;-30.37426584617231;83.57428574123323;5.627831
macs0416-v2_prism-clear_1208_3105094.spec.fits;64.06240418707252;-24.10676207761276;24.904759948761203;5.630483
jades-gdn2-v2_prism-clear_1181_2347.spec.fits;189.1115209;62.2779422;47.759563803566984;5.63579
jades-gdn2-v2_prism-clear_1181_2347.spec.fits;189.1115209;62.2779422;47.759563803566984;5.63579
jades-gdn2-v2_prism-clear_1181_2347.spec.fits;189.1115209;62.2779422;47.759563803566984;5.63579
uncover-v2_prism-clear_2561_48510.spec.fits;3.586106765193395;-30.33734620807059;6.695491970098019;5.637117
ceers-v2_prism-clear_1345_356.spec.fits;214.80529;52.877861;7.4865289989261266;5.638444
ceers-v2_prism-clear_1345_513.spec.fits;214.819362;52.832532;7.216171800333377;5.649074
abell370-v2_prism-clear_1208_2109925.spec.fits;39.971963946219965;-1.5878841708520213;3.758830411562146;5.650404
uncover-v2_prism-clear_2561_37800.spec.fits;3.601947976141994;-30.35851224360721;11.120869402745852;5.653065
jades-gdn2-v2_prism-clear_1181_2000.spec.fits;189.1759473;62.3115344;62.16379611867439;5.66105
jades-gdn2-v2_prism-clear_1181_2000.spec.fits;189.1759473;62.3115344;62.16379611867439;5.66105
jades-gdn2-v2_prism-clear_1181_2000.spec.fits;189.1759473;62.3115344;62.16379611867439;5.66105
uncover-v2_prism-clear_2561_10155.spec.fits;3.582205518181468;-30.40711390884758;18.2906831498407;5.661053
ceers-v2_prism-clear_1345_2168.spec.fits;215.1526021;53.05706210000001;37.95483754938898;5.661053
abell2744-ddt-v2_prism-clear_2756_110003.spec.fits;3.59069392878307;-30.39554157717379;107.36138711035078;5.661719
uncover-v2_prism-clear_2561_40362.spec.fits;3.599279796577219;-30.3540501374427;12.06150487534243;5.665718
ceers-v2_prism-clear_1345_545.spec.fits;214.864411;52.853657;35.067600458591855;5.665718
uncover-v2_prism-clear_2561_24817.spec.fits;3.620128013592639;-30.37873014144503;37.0056841525804;5.665887
uncover-v2_prism-clear_2561_35492.spec.fits;3.594310427913879;-30.36251657068431;46.286740475354954;5.666554
uncover-v2_prism-clear_2561_42328.spec.fits;3.581659016432357;-30.35060069520608;20.008507192920394;5.667051
uncover-v2_prism-clear_2561_34495.spec.fits;3.600256972680903;-30.36428822043922;29.59520725999572;5.668384
uncover-v2_prism-clear_2561_22977.spec.fits;3.575221624459382;-30.38173446275255;11.533235252489282;5.669718
gds-barrufet-s156-v2_prism-clear_2198_3305.spec.fits;53.15175669109294;-27.89080783881769;36.990444393134;5.67038
uncover-v2_prism-clear_2561_44493.spec.fits;3.593160882975037;-30.34647500036664;118.39390401238482;5.670555
ceers-v2_prism-clear_1345_323.spec.fits;214.872556;52.875949;19.995799073577114;5.671052
ceers-v2_prism-clear_1345_80916.spec.fits;214.89163;52.815943;21.78154120005726;5.674389
rubies-uds3-v2_prism-clear_4233_47509.spec.fits;34.2646021;-5.232585700000016;31.870345603892865;5.67506
rubies-uds2-v2_prism-clear_4233_59381.spec.fits;34.2638366;-5.210403900000017;14.713019498433708;5.67773
rubies-uds3-v2_prism-clear_4233_54607.spec.fits;34.2591774;-5.219734399999994;6.984073500253984;5.67973
jades-gdn2-v2_prism-clear_1181_1054.spec.fits;189.1574206;62.2736069;74.29546789845882;5.68107
jades-gdn2-v2_prism-clear_1181_1054.spec.fits;189.1574206;62.2736069;74.29546789845882;5.68107
jades-gdn2-v2_prism-clear_1181_1054.spec.fits;189.1574206;62.2736069;74.29546789845882;5.68107
ceers-ddt-v2_prism-clear_2750_923.spec.fits;214.950048;52.92650100000001;30.764612048143704;5.707173
macs0416-v2_prism-clear_1208_3113377.spec.fits;64.05376516825305;-24.05565879416849;16.401043154605148;5.728671
uncover-v2_prism-clear_2561_24012.spec.fits;3.59966530114382;-30.37987746788173;26.127110692832197;5.73069
ceers-v2_prism-clear_1345_80671.spec.fits;214.921607;52.867713;18.892005051921814;5.732709
abell370-v2_prism-clear_1208_2109927.spec.fits;39.96523988760287;-1.587816540672236;17.573324306981256;5.750237
borg-2203p1851-v2_prism-clear_1747_412.spec.fits;330.72638;18.842537;59.915708191148425;5.75429
jades-gds-wide-v2_prism-clear_1180_15210.spec.fits;53.2116046;-27.79639379999998;22.225782846797426;5.758342
jades-gds-wide2-v2_prism-clear_b328.spec.fits;53.13580668969321;-27.765920887700243;5.3536645517767925;5.76105
ceers-ddt-v2_prism-clear_2750_2315.spec.fits;214.919172;52.89349899999999;12.023898288964197;5.7624
macs0416-v2_prism-clear_1208_3111431.spec.fits;64.06679496803373;-24.06814585769905;50.6351099782208;5.765104
jades-gdn2-v2_prism-clear_1181_1103.spec.fits;189.1582312;62.2784272;44.89013365483064;5.76813
jades-gdn2-v2_prism-clear_1181_1103.spec.fits;189.1582312;62.2784272;44.89013365483064;5.76813
jades-gdn2-v2_prism-clear_1181_1103.spec.fits;189.1582312;62.2784272;44.89013365483064;5.76813
ceers-v2_prism-clear_1345_403.spec.fits;214.828968;52.875701;42.453019097494305;5.769164
jades-gds1-v2_prism-clear_1286_36826.spec.fits;53.1177521;-27.81652639999999;8.660277215762411;5.77119
jades-gdn2-v2_prism-clear_1181_903.spec.fits;189.0917903;62.2537407;34.89976777451089;5.77187
jades-gdn2-v2_prism-clear_1181_903.spec.fits;189.0917903;62.2537407;34.89976777451089;5.77187
macs1149-v2_prism-clear_1208_5115754.spec.fits;177.4030089316698;22.40949413795984;25.0362622782927;5.77187
jades-gdn2-v2_prism-clear_1181_903.spec.fits;189.0917903;62.2537407;34.89976777451089;5.77187
gds-deep-v2_prism-clear_1210_15099.spec.fits;53.1153699;-27.81476750000002;83.72541371862371;5.771872
uncover-v2_prism-clear_2561_34878.spec.fits;3.554092944266401;-30.36362309241883;18.91113645229313;5.774582
macs1423-v2_prism-clear_1208_4103248.spec.fits;215.9612163243114;24.0580239250473;13.040482970580118;5.775937
jades-gds-wide-v2_prism-clear_1180_9792.spec.fits;53.167131;-27.79423700000001;7.973031105285351;5.776614
jades-gds-wide-v2_prism-clear_1180_57491.spec.fits;53.10430170000001;-27.77514250000002;6.41252260632973;5.780682
gds-egami-ddt-v2_prism-clear_6541_112084.spec.fits;53.119461;-27.80002000000002;40.32035186145355;5.78204
jades-gds-wide2-v2_prism-clear_1180_13885.spec.fits;53.1318357;-27.77377569999998;23.059010902541104;5.78407
gds-udeep-v2_prism-clear_3215_210003.spec.fits;53.1318406;-27.77377389999998;84.57117406519842;5.78475
uncover-v2_prism-clear_2561_30249.spec.fits;3.596139281111247;-30.37137663068211;681.1123246538826;5.784751
gds-barrufet-s67-v2_prism-clear_2198_6712.spec.fits;53.09770720937307;-27.83942913465603;15.99472074954976;5.78882
jades-gds-wide-v2_prism-clear_1180_13639.spec.fits;53.1255438;-27.7550498;23.967799515156827;5.79086
macs0416-v2_prism-clear_1208_3117815.spec.fits;64.05512018130726;-24.06844744697207;18.241131922782543;5.79255
jades-gdn-v2_prism-clear_1181_73449.spec.fits;189.2064092;62.177142;7.745735733555701;5.794256
uncover-v2_prism-clear_2561_23608.spec.fits;3.542812607523306;-30.3806461406399;65.88550356339798;5.794936
jades-gds-wide-v2_prism-clear_1180_9842.spec.fits;53.154087;-27.76606199999998;7.905616426371202;5.796295
uncover-v2_prism-clear_2561_48512.spec.fits;3.574890840384879;-30.33753239990904;40.52051437497655;5.796295
gds-deep-v2_prism-clear_1210_9842.spec.fits;53.154087;-27.76606199999998;83.25004511632049;5.803095
rubies-uds2-v2_prism-clear_4233_59422.spec.fits;34.2856522;-5.210534100000019;10.962454723823653;5.81603
gds-deep-v2_prism-clear_1210_5113.spec.fits;53.1673026;-27.8028703;39.887534293023776;5.818078
gds-deep-v2_prism-clear_1210_56849.spec.fits;53.11351129999999;-27.77283610000001;44.45195592759106;5.820806
gds-egami-ddt-v2_prism-clear_6541_196541.spec.fits;53.171625;-27.82086299999997;58.518505329031875;5.82558
jades-gds-wide-v2_prism-clear_1180_13638.spec.fits;53.141967;-27.75522999999998;39.41445858147084;5.828996
gds-udeep-v2_prism-clear_3215_201127.spec.fits;53.1668527;-27.80412530000001;64.06589654929712;5.83378
macs0416-v2_prism-clear_1208_3118239.spec.fits;64.04398687612012;-24.05630527422585;7.044037300779737;5.837879
uncover-v2_prism-clear_2561_35738.spec.fits;3.613165668447987;-30.36217977922291;21.403548653994754;5.843352
macs1149-v2_prism-clear_1208_5104188.spec.fits;177.383495264081;22.36924995996953;4.109182218763034;5.85362
macs0416-v2_prism-clear_1208_3107042.spec.fits;64.03457921959621;-24.09409174306506;4.743168668692741;5.859795
jades-gds-wide2-v2_prism-clear_1180_5909.spec.fits;53.18395;-27.80759699999999;20.226997051156935;5.86185
jades-gds-wide-v2_prism-clear_1180_9696.spec.fits;53.17752;-27.80252000000002;28.569657198196314;5.86254
macs1423-v2_prism-clear_1208_4104970.spec.fits;215.95725122575246;24.067991472494587;9.842621847924239;5.869406
macs0416-v2_prism-clear_1208_3117162.spec.fits;64.07476860419547;-24.08353584584251;25.016620835756243;5.873529
jades-gdn2-v2_prism-clear_1181_978.spec.fits;189.1284211;62.262772;18.85005929205343;5.87353
jades-gdn2-v2_prism-clear_1181_978.spec.fits;189.1284211;62.262772;18.85005929205343;5.87353
jades-gdn2-v2_prism-clear_1181_978.spec.fits;189.1284211;62.262772;18.85005929205343;5.87353
ceers-v2_prism-clear_1345_1677.spec.fits;215.1887384;53.0643782;91.13370370801753;5.875591
jades-gdn-v2_prism-clear_1181_38147.spec.fits;189.2706763;62.1484185;36.22300137535229;5.878342
macs1149-v2_prism-clear_1208_5102587.spec.fits;177.3856282256173;22.35625615512452;11.465565917204863;5.8866
macs1149-v2_prism-clear_1208_5112982.spec.fits;177.3863364517201;22.358593313317;23.00792765349481;5.88867
borg-0314m6712-v2_prism-clear_1747_1257.spec.fits;48.375641;-67.20326999999997;15.879875813139241;5.88936
gds-deep-v2_prism-clear_1210_9414.spec.fits;53.17655;-27.77110599999998;31.935458106077242;5.892112
jades-gds-wide2-v2_prism-clear_1180_13347.spec.fits;53.2029877;-27.7761337;28.50792815466504;5.89349
jades-gds-wide2-v2_prism-clear_b322.spec.fits;53.15431618110732;-27.75654354477018;7.633737372427323;5.89418
jades-gds-wide2-v2_prism-clear_1180_9698.spec.fits;53.140774;-27.80218100000002;37.14088921041027;5.91351
macsj0647-v2_prism-clear_1433_1944.spec.fits;101.986107;70.214346;38.287395339144204;5.915585
jades-gds-wide-v2_prism-clear_1180_9860.spec.fits;53.167726;-27.76816200000002;9.983776683093959;5.916969
macsj0647-v2_prism-clear_1433_3887.spec.fits;101.909231;70.247705;28.985834842038212;5.91766
jades-gds-wide-v2_prism-clear_1180_13620.spec.fits;53.12259000000001;-27.76056899999998;22.77016516781824;5.919044
jades-gds-wide-v2_prism-clear_1180_13651.spec.fits;53.1498652;-27.7528312;34.86948872759725;5.919044
gds-deep-v2_prism-clear_1210_13620.spec.fits;53.12259000000001;-27.76056899999998;118.57554772264805;5.920428
jades-gds-wide-v2_prism-clear_1180_16431.spec.fits;53.1054726;-27.76114669999998;51.419953641334885;5.923197
macsj0647-v2_prism-clear_1433_4681.spec.fits;101.998053;70.258364;62.87601486928306;5.924582
gds-deep-v2_prism-clear_1210_13704.spec.fits;53.126535;-27.81809229999999;64.52381634035245;5.92943
uncover-v2_prism-clear_2561_51076.spec.fits;3.553695099646515;-30.33005478898781;27.449499773127403;5.92943
macs0416-v2_prism-clear_1208_3113344.spec.fits;64.04880915688626;-24.05588810363315;15.98714584467728;5.93151
jades-gds-wide-v2_prism-clear_1180_9697.spec.fits;53.130437;-27.80236100000002;20.125038617912626;5.932896
gds-udeep-v2_prism-clear_3215_99671.spec.fits;53.1266432;-27.81773129999999;46.333571107635166;5.9329
gds-egami-ddt-v2_prism-clear_6541_114613.spec.fits;53.139303;-27.79586599999999;10.46773169112993;5.9329
abell370-v2_prism-clear_1208_2101337.spec.fits;39.9802464;-1.5667738000000213;27.758931879242738;5.940526
gds-udeep-v2_prism-clear_3215_200277.spec.fits;53.1096912;-27.80761269999999;46.00577709566624;5.94053
jades-gds-wide2-v2_prism-clear_1180_13612.spec.fits;53.145064;-27.76278300000001;32.944749410875716;5.94122
jades-gds-wide2-v2_prism-clear_1180_4396.spec.fits;53.13838029999999;-27.7787634;20.77941889377983;5.94122
gds-deep-v2_prism-clear_1210_13176.spec.fits;53.1217594;-27.79763279999998;136.16397378245713;5.94122
gds-egami-ddt-v2_prism-clear_6541_89635.spec.fits;53.12805199999999;-27.82916699999998;43.586054813636345;5.9433
gds-deep-v2_prism-clear_1210_13618.spec.fits;53.119112;-27.76080200000001;134.95135444392233;5.948165
jades-gds-wide-v2_prism-clear_1180_13618.spec.fits;53.119112;-27.76080200000001;39.776072101361024;5.953726
gds-udeep-v2_prism-clear_3215_30080593.spec.fits;53.1488457;-27.80969620000002;16.036342135692202;5.95999
gds-deep-v2_prism-clear_1210_9880.spec.fits;53.160634;-27.77160400000002;58.049062198955944;5.9802
macs1149-v2_prism-clear_1208_5116153.spec.fits;177.4004267157912;22.41806888764264;10.349249372863358;5.982295
jades-gds-wide-v2_prism-clear_1180_9735.spec.fits;53.19938;-27.79627399999998;20.091330150238427;5.985088
jades-gds-wide-v2_prism-clear_1180_14133.spec.fits;53.17264;-27.76705800000002;16.15337735570392;5.986485
gds-egami-ddt-v2_prism-clear_6541_196770.spec.fits;53.17587;-27.820066;33.301267783854016;5.98788
jades-gds-wide2-v2_prism-clear_1180_5240.spec.fits;53.1422719;-27.80683790000001;24.123189800463656;5.98858
uncover-v2_prism-clear_2561_23920.spec.fits;3.572830268654349;-30.38002597737182;6.540671163402015;5.990679
gds-udeep-v2_prism-clear_3215_113056.spec.fits;53.1105167;-27.79848859999999;5.333971545420223;5.99208
macs0416-v2_prism-clear_1208_3116958.spec.fits;64.03960252314063;-24.08855280264789;43.40447631002775;5.994175
jades-gds-wide-v2_prism-clear_1180_9457.spec.fits;53.17324;-27.79567400000002;35.01541603052969;6.003273
ceers-v2_prism-clear_1345_397.spec.fits;214.836197;52.882693;98.68255183545465;6.006776
ceers-v2_prism-clear_1345_476.spec.fits;214.805561;52.836345;8.034978585829549;6.01589
jades-gdn-v2_prism-clear_1181_50010.spec.fits;189.2881531;62.1837804;12.933385577974747;6.038377
jades-gds-wide-v2_prism-clear_1180_13887.spec.fits;53.1958751;-27.7684324;17.96688664296905;6.051763
ceers-v2_prism-clear_1345_618.spec.fits;214.876469;52.839412;27.234005649937366;6.05741
ceers-v2_prism-clear_1345_603.spec.fits;214.867247;52.836737;20.49506687426305;6.06023
glazebrook-v2_prism-clear_2565_19780.spec.fits;34.25370982842931;-5.209603491776079;24.103790148559995;6.063055
gds-udeep-v2_prism-clear_3215_99302.spec.fits;53.125818;-27.81822779999999;68.91112678565513;6.07012
macs0416-v2_prism-clear_1208_3118076.spec.fits;64.04015292866562;-24.06188806255835;8.32762825292686;6.07153
ceers-v2_prism-clear_1345_81063.spec.fits;214.79911;52.725119;18.58019265466276;6.086401
jades-gds-wide-v2_prism-clear_1180_9877.spec.fits;53.1595268;-27.77152360000002;23.037306221712548;6.101298
gds-deep-v2_prism-clear_1210_9867.spec.fits;53.156129;-27.77585399999998;59.01702366777527;6.104139
jades-gds-wide-v2_prism-clear_1180_9867.spec.fits;53.156129;-27.77585399999998;29.819558985834043;6.106271
ceers-v2_prism-clear_1345_1518.spec.fits;215.006802;52.9650411;84.64947399882574;6.106271
ceers-v2_prism-clear_1345_355.spec.fits;214.806482;52.878827;29.810229409310143;6.108403
ceers-v2_prism-clear_1345_539.spec.fits;214.885748;52.87201300000001;6.6700723937933155;6.112669
ceers-v2_prism-clear_1345_526.spec.fits;214.82518;52.830364;7.368269751175189;6.11552
macsj0647-v2_prism-clear_1433_3208.spec.fits;101.918791;70.237614;17.597791986985655;6.122634
macsj0647-v2_prism-clear_1433_1715.spec.fits;101.983171;70.209787;27.651320549747172;6.135466
ceers-v2_prism-clear_1345_31329.spec.fits;215.0551163;53.0008499;41.9946530838877;6.139749
macs0416-v2_prism-clear_1208_3112500.spec.fits;64.04790518440976;-24.06207811237516;33.27482481464667;6.142605
macs1149-v2_prism-clear_b144.spec.fits;177.38766825040784;22.405791550668184;16.10629705117534;6.15762
macs0417-v2_prism-clear_1208_202967.spec.fits;64.37146645495004;-11.83078093543833;17.67749127376035;6.158337
ceers-v2_prism-clear_1345_80954.spec.fits;214.918183;52.811826;17.00484114057441;6.16478
rubies-uds3-v2_prism-clear_4233_36816.spec.fits;34.2955068;-5.251740600000005;10.208191154820929;6.17626
jades-gds-wide-v2_prism-clear_1180_9547.spec.fits;53.2080001;-27.79005009999997;14.950801618323498;6.18128
ceers-v2_prism-clear_1345_1065.spec.fits;215.1168542;53.0010814;27.73924198958774;6.188465
uncover-v2_prism-clear_2561_52621.spec.fits;3.560646611968914;-30.32610828345969;34.517269707982955;6.189903
ceers-v2_prism-clear_1345_1561.spec.fits;215.1660971;53.0707553;44.33445673122791;6.205738
ceers-v2_prism-clear_1345_67.spec.fits;215.015597;53.011857;8.877688239095306;6.208621
macs0416-v2_prism-clear_1208_3108382.spec.fits;64.07784473702712;-24.08421329180681;23.711501628282377;6.211505
abell370-v2_prism-clear_1208_2115891.spec.fits;39.98620976750089;-1.5591334343021117;9.086102470064972;6.220164
macs1423-v2_prism-clear_1208_4104986.spec.fits;215.95835453963969;24.068180689128912;13.566150066063837;6.22305
macs1423-v2_prism-clear_1208_4100274.spec.fits;215.94553841041042;24.07242306661276;32.97073517002286;6.224497
ceers-ddt-v2_prism-clear_2750_617.spec.fits;214.860024;52.898125;18.491232702273297;6.227387
macs1423-v2_prism-clear_1208_4108946.spec.fits;215.92786015482667;24.089792758512992;11.938131190232601;6.231725
jades-gds-wide-v2_prism-clear_1180_9319.spec.fits;53.169015;-27.800791;14.279916574775138;6.246928
uncover-v2_prism-clear_2561_25447.spec.fits;3.569435090915393;-30.37788728720045;17.027359797416953;6.247652
uncover-v2_prism-clear_2561_36755.spec.fits;3.600330212871877;-30.36068623407005;37.032246044306525;6.253453
jades-gds-wide-v2_prism-clear_1180_15265.spec.fits;53.0831133;-27.78635100000003;25.22805316964104;6.265068
jades-gds-wide-v2_prism-clear_1180_42988.spec.fits;53.09068110000001;-27.74421589999997;21.580345999604006;6.273064
pearls-transients-v2_prism-clear_4557_-184.spec.fits;265.0099251545804;69.01782364046176;195.95620314230928;6.27816
macs0416-v2_prism-clear_1208_3114581.spec.fits;64.06449684059906;-24.04526571042356;90.98168627977326;6.281797
ceers-v2_prism-clear_1345_390.spec.fits;214.811038;52.868521;13.687550762446987;6.289811
gds-udeep-v2_prism-clear_3215_30071751.spec.fits;53.16768650000001;-27.82277490000001;8.037939618262149;6.30514
jades-gds-wide-v2_prism-clear_1180_14160.spec.fits;53.155156;-27.76072399999998;45.75889843949529;6.313907
jades-gdn2-v2_prism-clear_1181_988.spec.fits;189.1621491;62.2638108;99.42297494076483;6.31903
jades-gdn2-v2_prism-clear_1181_988.spec.fits;189.1621491;62.2638108;99.42297494076483;6.31903
jades-gdn2-v2_prism-clear_1181_988.spec.fits;189.1621491;62.2638108;99.42297494076483;6.31903
rubies-uds1-v2_prism-clear_4233_20260.spec.fits;34.2624197;-5.279222600000026;13.072079691160722;6.32196
goodsn-wide-v2_prism-clear_1211_1817.spec.fits;189.3963575412398;62.23017250514052;14.508244120560017;6.324154
uncover-v2_prism-clear_2561_8943.spec.fits;3.614087403729256;-30.41044795973289;59.78382932793282;6.327084
macs1149-v2_prism-clear_1208_5112544.spec.fits;177.3881386822925;22.34589892681972;34.681122024212904;6.32928
gds-deep-v2_prism-clear_1210_8253.spec.fits;53.1666145;-27.77239450000002;61.27639258640857;6.330015
macs1149-v2_prism-clear_b253.spec.fits;177.38541377227645;22.34966968141078;43.69447632980972;6.33075
uncover-v2_prism-clear_2561_7309.spec.fits;3.611317802661625;-30.41455737328158;42.79851314698591;6.3324
gds-deep-v2_prism-clear_1210_9423.spec.fits;53.17583;-27.77446800000001;61.46915171692232;6.334415
gds-udeep-v2_prism-clear_3215_106197.spec.fits;53.131047;-27.8090823;9.465422713327078;6.34028
gds-deep-v2_prism-clear_1210_13197.spec.fits;53.1349234;-27.77270550000003;148.06508842346562;6.341753
uncover-v2_prism-clear_2561_34265.spec.fits;3.607180703847201;-30.36481663770747;33.62737309887745;6.352774
rubies-uds1-v2_prism-clear_4233_19958.spec.fits;34.2738121;-5.279721999999993;28.9122612904913;6.35351
macs1149-v2_prism-clear_1208_5104449.spec.fits;177.3587899111513;22.37181360430192;52.86332892529683;6.36013
macs1149-v2_prism-clear_b219.spec.fits;177.40524428229074;22.37670116171927;15.256439762891084;6.3616
uncover-v2_prism-clear_2561_28308.spec.fits;3.605812329200131;-30.37391080590589;13.312090629701334;6.364548
uncover-v2_prism-clear_2561_30390.spec.fits;3.604634245985477;-30.37115252344006;21.041379261896854;6.372653
uncover-v2_prism-clear_2561_8613.spec.fits;3.60060193250919;-30.41027142361719;34.714070372801906;6.380029
jades-gds-wide-v2_prism-clear_1180_5278.spec.fits;53.127309;-27.788048;19.290820418276798;6.38372
macs0416-v2_prism-clear_1208_3104219.spec.fits;64.06837390046569;-24.11231288147093;9.7837417187409;6.405164
macs0416-v2_prism-clear_1208_3104135.spec.fits;64.06800223986663;-24.11279454007661;49.89797827646138;6.408868
macs0417-v2_prism-clear_1208_203427.spec.fits;64.34901162233662;-11.82556197654731;17.080257789697704;6.431128
rubies-uds2-v2_prism-clear_4233_58165.spec.fits;34.2629861;-5.212917399999981;12.557001653392776;6.51783
borg-0314m6712-v2_prism-clear_1747_-5.spec.fits;48.42623323998191;-67.21560643258158;35.573225441531605;6.52234
rubies-uds3-v2_prism-clear_4233_62270.spec.fits;34.2790509;-5.204402000000016;39.834918931786866;6.52686
ceers-ddt-v2_prism-clear_2750_662.spec.fits;214.877883;52.897675;26.942085138187064;6.535142
ceers-ddt-v2_prism-clear_2750_663.spec.fits;214.878969;52.896748;52.91737064378279;6.535545
macs1423-v2_prism-clear_1208_4103430.spec.fits;215.9579127299714;24.05906393887063;16.326525065535417;6.54268
uncover-v2_prism-clear_2561_38248.spec.fits;3.610133367539723;-30.35760707985218;30.59378486969034;6.555514
abell370-v2_prism-clear_1208_2190001.spec.fits;39.978097;-1.5589729999999804;72.86911073260845;6.560049
uncover-v2_prism-clear_2561_37504.spec.fits;3.610603503506573;-30.35896482285579;16.492545532962694;6.562317
jades-gdn2-v2_prism-clear_1181_1967.spec.fits;189.1650306;62.3001933;16.750380758891477;6.56232
jades-gdn2-v2_prism-clear_1181_1967.spec.fits;189.1650306;62.3001933;16.750380758891477;6.56232
jades-gdn2-v2_prism-clear_1181_1967.spec.fits;189.1650306;62.3001933;16.750380758891477;6.56232
abell370-v2_prism-clear_1208_2190002.spec.fits;39.978177;-1.559000000000026;61.78483688001353;6.565343
abell370-v2_prism-clear_1208_2101494.spec.fits;39.9780111;-1.5589610000000107;76.39673643327298;6.567612
jades-gds-wide2-v2_prism-clear_1180_17158.spec.fits;53.150058;-27.74499700000001;29.41319503430546;6.57367
abell370-v2_prism-clear_1208_2116383.spec.fits;39.98195565529549;-1.5565116918375566;30.061984188331095;6.585038
jades-gdn2-v2_prism-clear_1181_1223.spec.fits;189.1203431;62.2948639;47.08469246801263;6.59263
jades-gdn2-v2_prism-clear_1181_1223.spec.fits;189.1203431;62.2948639;47.08469246801263;6.59263
jades-gdn2-v2_prism-clear_1181_1223.spec.fits;189.1203431;62.2948639;47.08469246801263;6.59263
gds-deep-v2_prism-clear_1210_5447.spec.fits;53.1628784;-27.76928379999998;14.608616944586434;6.626108
jades-gds-wide-v2_prism-clear_1180_13647.spec.fits;53.1695095;-27.75330609999998;20.6463093898551;6.631448
gds-deep-v2_prism-clear_1210_9903.spec.fits;53.169055;-27.77883800000001;55.171126243057685;6.631448
jades-gds-wide-v2_prism-clear_1180_58930.spec.fits;53.10538200000001;-27.72346599999997;45.8495404187902;6.635265
macs1149-v2_prism-clear_1208_514233.spec.fits;177.40456;22.386888;8.888799862275931;6.67584
ceers-v2_prism-clear_1345_1414.spec.fits;215.1280288;52.98493650000001;29.34872682820493;6.67891
ceers-v2_prism-clear_1345_577.spec.fits;214.892861;52.865157;13.636768121904991;6.694283
jades-gdn2-v2_prism-clear_1181_38428.spec.fits;189.1792747;62.2758955;71.77282727191006;6.71354
jades-gdn2-v2_prism-clear_1181_38428.spec.fits;189.1792747;62.2758955;71.77282727191006;6.71354
jades-gdn2-v2_prism-clear_1181_38428.spec.fits;189.1792747;62.2758955;71.77282727191006;6.71354
jades-gdn2-v2_prism-clear_1181_38423.spec.fits;189.1768601;62.26454270000001;20.66752718176715;6.7174
jades-gdn2-v2_prism-clear_1181_38423.spec.fits;189.1768601;62.26454270000001;20.66752718176715;6.7174
jades-gdn2-v2_prism-clear_1181_38423.spec.fits;189.1768601;62.26454270000001;20.66752718176715;6.7174
jades-gdn2-v2_prism-clear_1181_38432.spec.fits;189.18617;62.2708636;181.9407270176766;6.72435
jades-gdn2-v2_prism-clear_1181_38432.spec.fits;189.18617;62.2708636;181.9407270176766;6.72435
jades-gdn2-v2_prism-clear_1181_38432.spec.fits;189.18617;62.2708636;181.9407270176766;6.72435
uncover-v2_prism-clear_2561_43709.spec.fits;3.575939430037462;-30.34802820207057;29.84941180072613;6.728213
jades-gdn2-v2_prism-clear_1181_1972.spec.fits;189.1883991;62.303049;45.96356259523512;6.73285
jades-gdn2-v2_prism-clear_1181_1972.spec.fits;189.1883991;62.303049;45.96356259523512;6.73285
jades-gdn2-v2_prism-clear_1181_1972.spec.fits;189.1883991;62.303049;45.96356259523512;6.73285
jades-gdn-v2_prism-clear_1181_68438.spec.fits;189.2357562;62.1411878;11.854128180554563;6.735945
jades-gdn2-v2_prism-clear_1181_1948.spec.fits;189.1773121;62.2910578;46.35585138443122;6.73749
jades-gdn2-v2_prism-clear_1181_1948.spec.fits;189.1773121;62.2910578;46.35585138443122;6.73749
jades-gdn2-v2_prism-clear_1181_1948.spec.fits;189.1773121;62.2910578;46.35585138443122;6.73749
jades-gdn2-v2_prism-clear_1181_28342.spec.fits;189.2243594;62.2756076;31.872284540617525;6.73904
jades-gdn2-v2_prism-clear_1181_28342.spec.fits;189.2243594;62.2756076;31.872284540617525;6.73904
jades-gdn2-v2_prism-clear_1181_28342.spec.fits;189.2243594;62.2756076;31.872284540617525;6.73904
macs0417-v2_prism-clear_1208_4712.spec.fits;64.37650009415026;-11.91660141198378;13.224491832292687;6.743685
jades-gdn2-v2_prism-clear_1181_1076.spec.fits;189.1385111;62.2756103;42.91206773157198;6.74678
jades-gdn2-v2_prism-clear_1181_1076.spec.fits;189.1385111;62.2756103;42.91206773157198;6.74678
jades-gdn2-v2_prism-clear_1181_1076.spec.fits;189.1385111;62.2756103;42.91206773157198;6.74678
jades-gdn2-v2_prism-clear_1181_1066.spec.fits;189.1380767;62.2744522;31.12466046505533;6.74988
jades-gdn2-v2_prism-clear_1181_1066.spec.fits;189.1380767;62.2744522;31.12466046505533;6.74988
jades-gdn2-v2_prism-clear_1181_1066.spec.fits;189.1380767;62.2744522;31.12466046505533;6.74988
ceers-v2_prism-clear_1345_80925.spec.fits;214.94868;52.853273;7.379101802354104;6.751432
uncover-v2_prism-clear_2561_27335.spec.fits;3.625080666905728;-30.37526088785461;6.7608504976586445;6.752207
jades-gdn2-v2_prism-clear_1181_926.spec.fits;189.0798189;62.2564607;95.8367525067719;6.75919
jades-gdn2-v2_prism-clear_1181_926.spec.fits;189.0798189;62.2564607;95.8367525067719;6.75919
jades-gdn2-v2_prism-clear_1181_926.spec.fits;189.0798189;62.2564607;95.8367525067719;6.75919
jades-gdn2-v2_prism-clear_1181_954.spec.fits;189.1519657;62.2596352;39.50214424157194;6.76229
jades-gdn2-v2_prism-clear_1181_954.spec.fits;189.1519657;62.2596352;39.50214424157194;6.76229
jades-gdn2-v2_prism-clear_1181_954.spec.fits;189.1519657;62.2596352;39.50214424157194;6.76229
uncover-v2_prism-clear_2561_36857.spec.fits;3.582829450604097;-30.36029629501599;37.57768927929774;6.765397
jades-gdn2-v2_prism-clear_1181_896.spec.fits;189.0826519;62.2524772;79.17741514996855;6.7654
jades-gdn2-v2_prism-clear_1181_896.spec.fits;189.0826519;62.2524772;79.17741514996855;6.7654
jades-gdn2-v2_prism-clear_1181_896.spec.fits;189.0826519;62.2524772;79.17741514996855;6.7654
uncover-v2_prism-clear_2561_41225.spec.fits;3.533996360109116;-30.35330846833722;21.14937240920333;6.769281
uncover-v2_prism-clear_2561_33673.spec.fits;3.600113527958513;-30.36581355252957;11.971017486782246;6.773944
jades-gds-wide-v2_prism-clear_1180_13178.spec.fits;53.1181749;-27.79301759999999;21.287307601457744;6.791065
jades-gds-wide-v2_prism-clear_1180_15362.spec.fits;53.1163386;-27.76194049999998;20.77619203185017;6.798081
rubies-uds2-v2_prism-clear_4233_61652.spec.fits;34.248272;-5.205518200000028;8.007712265221908;6.80042
jades-gdn2-v2_prism-clear_1181_38681.spec.fits;189.1356251;62.2638775;15.15398287000219;6.80901
jades-gdn2-v2_prism-clear_1181_38681.spec.fits;189.1356251;62.2638775;15.15398287000219;6.80901
rubies-uds1-v2_prism-clear_4233_39024.spec.fits;34.2803952;-5.248406199999976;24.949444523142244;6.80901
jades-gdn2-v2_prism-clear_1181_38681.spec.fits;189.1356251;62.2638775;15.15398287000219;6.80901
rubies-uds3-v2_prism-clear_4233_60323.spec.fits;34.2787346;-5.208387200000004;12.424881293026166;6.82386
jades-gdn-v2_prism-clear_1181_48532.spec.fits;189.2794891;62.1797378;18.40828704880522;6.836385
jades-gds-wide-v2_prism-clear_1180_17509.spec.fits;53.147708;-27.71537000000001;43.88404861087754;6.845794
macs0417-v2_prism-clear_1208_-4.spec.fits;64.37657819328265;-11.92478976587302;15.670319954002744;6.865433
macs0417-v2_prism-clear_1208_3048.spec.fits;64.38103853299563;-11.92688309405003;11.119765735154191;6.86622
gds-udeep-v2_prism-clear_3215_137573.spec.fits;53.1564673;-27.76725970000001;32.1859745002244;6.87015
uncover-v2_prism-clear_2561_11254.spec.fits;3.5804459401238;-30.40502288450324;83.5326591032723;6.873303
uncover-v2_prism-clear_2561_12899.spec.fits;3.582353077987806;-30.40273183209246;10.63833067481295;6.874877
uncover-v2_prism-clear_2561_16155.spec.fits;3.58295318947418;-30.39523246397209;34.184656408709984;6.874877
macs0417-v2_prism-clear_1208_7098.spec.fits;64.41532553277816;-11.9031874704944;8.23677994967717;6.87882
jades-gds-wide2-v2_prism-clear_1180_8532.spec.fits;53.1455556;-27.78379630000001;48.287650748772585;6.88197
macs1423-v2_prism-clear_1208_4114763.spec.fits;215.92240228151368;24.133803721914298;11.93593794583916;6.925438
gds-deep-v2_prism-clear_1210_13609.spec.fits;53.117303;-27.76408199999997;62.94054564136512;6.931781
ceers-v2_prism-clear_1345_1143.spec.fits;215.0770064;52.9695042;40.66191582105644;6.932574
rubies-uds1-v2_prism-clear_4233_928474.spec.fits;34.2437001;-5.271437699999979;4.903795350416668;6.93337
ceers-v2_prism-clear_1345_717.spec.fits;215.0814058;52.9721795;66.6084325937513;6.93416
macs1423-v2_prism-clear_1208_4114846.spec.fits;215.92993417408854;24.13447894505079;8.612465772747221;6.934161
ceers-v2_prism-clear_1345_716.spec.fits;215.0803487;52.9932406;68.92032104508097;6.959591
jades-gds-wide2-v2_prism-clear_b882.spec.fits;53.18299683626157;-27.7894917291498;7.85046884406749;6.96039
ceers-ddt-v2_prism-clear_2750_445.spec.fits;214.941611;52.92913000000001;32.3977783029113;6.978717
ceers-v2_prism-clear_1345_1102.spec.fits;215.0910473;52.9542849;25.673314374508227;6.993891
jades-gdn2-v2_prism-clear_1181_1893.spec.fits;189.2053137;62.25077410000001;30.360806230089935;6.99709
jades-gdn2-v2_prism-clear_1181_1893.spec.fits;189.2053137;62.25077410000001;30.360806230089935;6.99709
jades-gdn2-v2_prism-clear_1181_1893.spec.fits;189.2053137;62.25077410000001;30.360806230089935;6.99709
ceers-v2_prism-clear_1345_80244.spec.fits;214.902155;52.86975799999999;4.403258980105531;7.001089
jades-gds1-v2_prism-clear_1286_20053246.spec.fits;53.1768838;-27.78155700000002;8.611501098471749;7.00829
jades-gdn2-v2_prism-clear_1181_1166.spec.fits;189.1833588;62.2877222;60.01497368530159;7.03155
jades-gdn2-v2_prism-clear_1181_1166.spec.fits;189.1833588;62.2877222;60.01497368530159;7.03155
jades-gdn2-v2_prism-clear_1181_1166.spec.fits;189.1833588;62.2877222;60.01497368530159;7.03155
uncover-v2_prism-clear_2561_28876.spec.fits;3.569597426299371;-30.37322304257577;16.748810596670744;7.036954
uncover-v2_prism-clear_2561_13123.spec.fits;3.579828558636116;-30.40156942018814;44.64216853919347;7.036954
jades-gdn2-v2_prism-clear_1181_1936.spec.fits;189.1957074;62.282424;34.963751600024594;7.089587
jades-gdn2-v2_prism-clear_1181_1936.spec.fits;189.1957074;62.282424;34.963751600024594;7.089587
jades-gdn2-v2_prism-clear_1181_1936.spec.fits;189.1957074;62.282424;34.963751600024594;7.089587
rubies-uds3-v2_prism-clear_4233_959606.spec.fits;34.2658056;-5.224323299999981;25.631348430198386;7.09525
macs0416-v2_prism-clear_1208_3104559.spec.fits;64.06155365696881;-24.11012038757252;25.917298034152854;7.10011
macs1149-v2_prism-clear_1208_5101809.spec.fits;177.3844556570001;22.35001943087498;42.37900289453511;7.10254
macs1423-v2_prism-clear_1208_4105638.spec.fits;215.92842358173638;24.07222220098671;19.324262444711117;7.104971
rubies-uds3-v2_prism-clear_4233_951669.spec.fits;34.2816111;-5.237580900000012;23.329645481895085;7.10659
rubies-uds3-v2_prism-clear_4233_960332.spec.fits;34.3143108;-5.223255300000004;12.697963192780954;7.12851
uncover-v2_prism-clear_2561_60141.spec.fits;3.62034203;-30.38859876999999;7.437102115749286;7.129323
macs1149-v2_prism-clear_1208_5102050.spec.fits;177.3868567445036;22.35190772876455;4.335610401980214;7.13502
jades-gdn2-v2_prism-clear_1181_3982.spec.fits;189.1094126;62.23880150000001;43.70136454008931;7.13827
jades-gdn2-v2_prism-clear_1181_3982.spec.fits;189.1094126;62.23880150000001;43.70136454008931;7.13827
jades-gdn-v2_prism-clear_1181_49599.spec.fits;189.21753089999999;62.1827542;14.292725086794011;7.13827
jades-gdn2-v2_prism-clear_1181_3982.spec.fits;189.1094126;62.23880150000001;43.70136454008931;7.13827
jades-gds-wide-v2_prism-clear_1180_9442.spec.fits;53.138063;-27.78186099999999;10.719976255174263;7.140712
jades-gds-wide2-v2_prism-clear_b191.spec.fits;53.166055600078636;-27.82753583894631;6.93840616525329;7.15782
ceers-v2_prism-clear_1345_829.spec.fits;214.8615939;52.876159;14.777243251932553;7.171705
borg-0859p4114-v2_prism-clear_1747_138.spec.fits;134.82222;41.223625;56.186097739527966;7.178245
ceers-v2_prism-clear_1345_439.spec.fits;214.825364;52.863065;21.419166745138618;7.179063
ceers-v2_prism-clear_1345_498.spec.fits;214.813045;52.834249;26.197059665859896;7.179881
gds-deep-v2_prism-clear_1210_13905.spec.fits;53.1183267;-27.7690101;74.14031460176987;7.206798
jades-gds-wide-v2_prism-clear_1180_9942.spec.fits;53.161719;-27.78539000000001;16.002718245450176;7.234047
macs0416-v2_prism-clear_1208_3109328.spec.fits;64.0411166850753;-24.07894034641515;5.452274106711813;7.240637
jades-gds-wide-v2_prism-clear_1180_11547.spec.fits;53.164831;-27.78825699999999;15.992945029712878;7.241461
jades-gds-wide2-v2_prism-clear_1180_13729.spec.fits;53.1820374;-27.77806729999998;10.009007751464978;7.25218
macs0416-v2_prism-clear_1208_3190001.spec.fits;64.0603982;-24.06497020000001;15.652844371930884;7.261962
gds-deep-v2_prism-clear_1210_5115.spec.fits;53.152855;-27.80194499999999;27.738891117215296;7.26209
jades-gds-wide2-v2_prism-clear_b866.spec.fits;53.18403508198532;-27.79783429040938;8.100478526628766;7.26953
jades-gdn-v2_prism-clear_1181_39544.spec.fits;189.3030537;62.1537416;14.10055765698449;7.270357
jades-gds1-v2_prism-clear_1286_20085619.spec.fits;53.19105470000001;-27.79731420000002;26.728271756487793;7.27118
rubies-uds3-v2_prism-clear_4233_958241.spec.fits;34.2557478;-5.226827399999991;37.33802338430494;7.27201
gds-deep-v2_prism-clear_1210_13682.spec.fits;53.167464;-27.77200599999998;13.565924401558743;7.277803
jades-gds-wide-v2_prism-clear_1180_9315.spec.fits;53.155091;-27.80177400000002;17.691234385224746;7.279459
jades-gds1-v2_prism-clear_1286_43252.spec.fits;53.1871414;-27.80128669999999;17.42930034425219;7.28194
rubies-uds1-v2_prism-clear_4233_916153.spec.fits;34.2637429;-5.290973699999995;39.71766462948953;7.28287
macs1423-v2_prism-clear_1208_4109017.spec.fits;215.92537821872193;24.0901970896183;12.1009327549349;7.296864
gds-deep-v2_prism-clear_1210_9315.spec.fits;53.155091;-27.80177400000002;78.87532960914211;7.347664
rubies-uds3-v2_prism-clear_4233_976141.spec.fits;34.2836256;-5.196027399999991;18.53645757553021;7.34846
macs1149-v2_prism-clear_1208_5110207.spec.fits;177.4044028547771;22.41238772866191;20.609577287549275;7.34846
macs1149-v2_prism-clear_1208_5103906.spec.fits;177.3919512994867;22.36698368279537;18.345084497501226;7.37187
macs0417-v2_prism-clear_1208_202914.spec.fits;64.3462892366872;-11.83140725645921;7.9719152811539225;7.393668
rubies-uds1-v2_prism-clear_4233_930869.spec.fits;34.2805275;-5.268374199999983;9.218429589124396;7.43237
jades-gds1-v2_prism-clear_1286_47100.spec.fits;53.18343349999999;-27.79097180000002;44.11753900029115;7.43237
jades-gds-wide2-v2_prism-clear_1180_13552.spec.fits;53.18346;-27.79098699999997;41.354172466377605;7.43321
rubies-uds3-v2_prism-clear_4233_971810.spec.fits;34.3137624;-5.203097500000013;25.58270716030726;7.45009
rubies-uds3-v2_prism-clear_4233_59990.spec.fits;34.3099966;-5.209196200000008;18.426365111110506;7.45179
ceers-v2_prism-clear_1345_1163.spec.fits;214.9904678;52.9719902;47.898030830456186;7.455166
macsj0647-v2_prism-clear_1433_3754.spec.fits;101.920529;70.244899;39.8331319124861;7.472093
ceers-v2_prism-clear_1345_80432.spec.fits;214.812056;52.746747;30.653348958655794;7.47633
jades-gdn2-v2_prism-clear_1181_38684.spec.fits;189.1210865;62.2778077;26.36340243393428;7.48142
jades-gdn2-v2_prism-clear_1181_38684.spec.fits;189.1210865;62.2778077;26.36340243393428;7.48142
jades-gdn2-v2_prism-clear_1181_38684.spec.fits;189.1210865;62.2778077;26.36340243393428;7.48142
jades-gds-wide2-v2_prism-clear_b406.spec.fits;53.172931025784436;-27.79766997984498;6.380305991935835;7.48396
ceers-v2_prism-clear_1345_80372.spec.fits;214.927798;52.85000299999999;22.63795012833166;7.483963
jades-gds-wide2-v2_prism-clear_b389.spec.fits;53.20041919560202;-27.782100669804283;21.021476258778865;7.48566
jades-gds-wide2-v2_prism-clear_b219.spec.fits;53.17293104611426;-27.7976704381541;6.28349628247679;7.48651
ceers-v2_prism-clear_1345_80239.spec.fits;214.896054;52.86985300000001;9.365386584539458;7.488206
macs1149-v2_prism-clear_b191.spec.fits;177.36739949653395;22.378077018427476;20.507516934914996;7.5103
ceers-ddt-v2_prism-clear_2750_449.spec.fits;214.940489;52.932556;23.062079299994885;7.552106
borg-1437p5044-v2_prism-clear_1747_1425.spec.fits;219.21054;50.72599;46.92469967732098;7.55296
borg-1437p5044-v2_prism-clear_1747_1425.spec.fits;219.21054;50.72599;46.92469967732098;7.55296
jades-gdn-v2_prism-clear_1181_10038687.spec.fits;189.2030733;62.1439285;16.00912464715102;7.572656
jades-gds-wide-v2_prism-clear_1180_17038.spec.fits;53.0872234;-27.77705570000001;15.830785763449807;7.574371
uncover-v2_prism-clear_2561_38059.spec.fits;3.605254866904467;-30.35794114836597;35.35339675487593;7.58896
gds-barrufet-s67-v2_prism-clear_2198_9074.spec.fits;53.08630666074519;-27.82396127768715;27.233332466298666;7.6096
abell370-v2_prism-clear_1208_2112691.spec.fits;39.99483662586419;-1.574133973507628;13.373654917340511;7.63719
abell370-v2_prism-clear_1208_2101179.spec.fits;39.96072429683371;-1.5741739571377025;39.133013237947516;7.647564
abell370-v2_prism-clear_1208_2112699.spec.fits;39.961045507157294;-1.574107524562237;5.142206027074422;7.64843
ceers-v2_prism-clear_1345_80025.spec.fits;214.806065;52.750867;19.91829409255337;7.649293
abell370-v2_prism-clear_1208_2113912.spec.fits;39.963769;-1.5693969000000152;39.08119476755133;7.649293
abell370-v2_prism-clear_1208_2113083.spec.fits;39.95544902302611;-1.5726176812023596;11.415179461922389;7.651023
jades-gds-wide-v2_prism-clear_1180_12637.spec.fits;53.133469;-27.76037300000002;77.45583672655266;7.661411
uncover-v2_prism-clear_2561_18924.spec.fits;3.581044323249695;-30.3895606891702;16.077036703188035;7.685697
ceers-v2_prism-clear_1345_686.spec.fits;215.1508619;52.9895618;46.215690287010844;7.751084
abell370-v2_prism-clear_1208_2114546.spec.fits;39.98254804997924;-1.566676644810343;14.039219224763915;7.75371
ceers-v2_prism-clear_1345_1023.spec.fits;215.1884129;53.0336473;32.40521546493332;7.780011
ceers-v2_prism-clear_1345_1027.spec.fits;214.8829941;52.84041590000001;57.492968306722396;7.82843
borg-2203p1851-v2_prism-clear_1747_1081.spec.fits;330.69284;18.858109;18.56843486827985;7.83992
abell370-v2_prism-clear_1208_2108376.spec.fits;40.0051682;-1.598960599999998;17.32312078600573;7.863818
abell370-v2_prism-clear_1208_2108450.spec.fits;40.00552009999999;-1.5984548000000132;18.521375644345312;7.865591
abell370-v2_prism-clear_1208_2105635.spec.fits;39.99598268633124;-1.6162676176798527;19.621924332790357;7.871799
abell2744-ddt-v2_prism-clear_2756_100001.spec.fits;3.603845;-30.38223479999999;16.75595601026533;7.875349
rubies-uds2-v2_prism-clear_4233_975718.spec.fits;34.2388872;-5.196784700000023;17.155280681068987;7.87712
abell2744-ddt-v2_prism-clear_2756_100002.spec.fits;3.603376610448541;-30.38223753788628;13.544505305932061;7.879787
uncover-v2_prism-clear_2561_60157.spec.fits;3.6038467;-30.38223800000003;49.61622149695116;7.880675
uncover-v2_prism-clear_2561_23604.spec.fits;3.605246620651772;-30.38058434235268;20.872213912811844;7.882452
abell2744-ddt-v2_prism-clear_2756_10025.spec.fits;3.59609394761611;-30.38580636688221;20.849450861796647;7.885117
macs0417-v2_prism-clear_1208_202264.spec.fits;64.36789862015942;-11.83916054808299;16.956924913551944;7.886894
abell2744-ddt-v2_prism-clear_2756_-5.spec.fits;3.606536740317939;-30.38100378145651;9.186103356862423;7.88956
uncover-v2_prism-clear_2561_24531.spec.fits;3.601342849372456;-30.37919855119247;60.76804528220927;7.891339
rubies-uds2-v2_prism-clear_4233_62778.spec.fits;34.2262053;-5.203387099999985;48.173680419870834;7.90736
ceers-ddt-v2_prism-clear_2750_355.spec.fits;214.944764;52.93145;34.119442119651474;7.926083
gds-barrufet-s67-v2_prism-clear_2198_3626.spec.fits;53.08738359292318;-27.86031130600935;16.13712464224227;7.95559
gds-deep-v2_prism-clear_1210_5173.spec.fits;53.156837;-27.767155;51.8656293623331;7.981596
jades-gds-wide-v2_prism-clear_1180_5173.spec.fits;53.156837;-27.767155;10.569282580412477;7.983393
macs0416-v2_prism-clear_1208_3114647.spec.fits;64.03886542725472;-24.04458960363087;9.0861212355365;8.12737
abell370-v2_prism-clear_1208_2112807.spec.fits;39.98382803411353;-1.5736636420792252;15.385516238806217;8.133762
rxj2129-ddt-v2_prism-clear_2767_11002.spec.fits;322.4162658;0.0996753;24.837519873131534;8.160288
abell370-v2_prism-clear_1208_2111943.spec.fits;39.95524347443414;-1.5779250838733105;16.63724075314592;8.196083
abell370-v2_prism-clear_1208_2112549.spec.fits;39.99494713592273;-1.5748276518082776;12.229359867327018;8.253276
gds-udeep-v2_prism-clear_3215_20198852.spec.fits;53.1077607;-27.81294400000002;44.2359878396786;8.27458
macs1423-v2_prism-clear_1208_4117358.spec.fits;215.94121793923856;24.06930625628526;19.695379419791415;8.297798
macs1423-v2_prism-clear_1208_4100225.spec.fits;215.9424125;24.0696533;31.137253753039207;8.301518
borg-1033p5051-v2_prism-clear_1747_199.spec.fits;158.18652;50.841591;65.52243787162847;8.316412
macs0416-v2_prism-clear_1208_3107165.spec.fits;64.03923107648018;-24.09319750112308;27.25814214564724;8.318276
gds-deep-v2_prism-clear_1210_6139.spec.fits;53.164482;-27.80218300000001;7.9119457391882415;8.479937
jades-gds-wide-v2_prism-clear_1180_6139.spec.fits;53.164482;-27.80218300000001;9.664678464485096;8.480885
gds-udeep-v2_prism-clear_3215_20213084.spec.fits;53.1589064;-27.76507600000002;83.31917055789593;8.49322
uncover-v2_prism-clear_2561_20466.spec.fits;3.640408392504773;-30.38643760620369;6.554249830899095;8.503666
macs1149-v2_prism-clear_1208_5104911.spec.fits;177.3594683032803;22.37553247663306;7.578251102955732;8.50462
uncover-v2_prism-clear_2561_10646.spec.fits;3.636959983509949;-30.40636155877451;135.9819912121741;8.511272
gds-egami-ddt-v2_prism-clear_6541_197416.spec.fits;53.1767972;-27.81775270000003;18.737264556812697;8.55417
ceers-v2_prism-clear_1345_1029.spec.fits;215.2187624;53.0698619;96.88896829594677;8.61455
macs1149-v2_prism-clear_1208_5112687.spec.fits;177.3909289107813;22.34976670728162;27.202932415602945;8.63187
ceers-v2_prism-clear_1345_80083.spec.fits;214.961276;52.842364;12.064854739933413;8.636689
jades-gdn-v2_prism-clear_1181_54165.spec.fits;189.2718398;62.1951785;15.092160416379741;8.657913
jades-gds1-v2_prism-clear_1286_36424.spec.fits;53.1760292;-27.81739429999999;20.003720737986306;8.68403
gds-udeep-v2_prism-clear_3215_20100293.spec.fits;53.1687381;-27.81697530000002;11.48660585400701;8.75303
ceers-ddt-v2_prism-clear_2750_28.spec.fits;214.938642;52.911749;83.94508855887656;8.761808
gds-udeep-v2_prism-clear_3215_20110306.spec.fits;53.1691329;-27.80292079999998;35.84916940560351;8.92124
macs0417-v2_prism-clear_1208_6092.spec.fits;64.37613563508853;-11.90874441355959;34.0096251781696;8.939111
gds-barrufet-s156-v2_prism-clear_2198_10278.spec.fits;53.1391665776949;-27.84848430104546;10.603052770963387;9.05809
macs1149-v2_prism-clear_1208_5110240.spec.fits;177.3899461208664;22.41270490990915;62.980206647807286;9.11154
macsj0647-v2_prism-clear_1433_3568.spec.fits;101.90398;70.242978;40.2443470695422;9.251024
uncover-v2_prism-clear_2561_3686.spec.fits;3.617202003263485;-30.42553381079773;96.61760956877806;9.319937
jades-gdn2-v2_prism-clear_1181_3990.spec.fits;189.0169954;62.2415817;47.035373130171195;9.37997
jades-gdn2-v2_prism-clear_1181_3990.spec.fits;189.0169954;62.2415817;47.035373130171195;9.37997
jades-gdn2-v2_prism-clear_1181_3990.spec.fits;189.0169954;62.2415817;47.035373130171195;9.37997
gds-deep-v2_prism-clear_1210_58975.spec.fits;53.112434;-27.774609;160.00702947795224;9.43617
gds-udeep-v2_prism-clear_3215_265801.spec.fits;53.1124351;-27.77462580000002;169.81701051364308;9.438257
rxj2129-ddt-v2_prism-clear_2767_11027.spec.fits;322.4215529;0.0916869;15.231705019535015;9.509479
ceers-v2_prism-clear_1345_80026.spec.fits;214.811852;52.73710999999999;22.89071137428854;9.557934
uncover-v2_prism-clear_2561_22223.spec.fits;3.568114511635839;-30.38305164327892;28.3007575377148;9.566384
macs1423-v2_prism-clear_1208_4113315.spec.fits;215.93973631002845;24.12131812949344;24.870302473666847;9.650189
jades-gds-wide2-v2_prism-clear_b423.spec.fits;53.17550277436293;-27.780680546630485;16.504857841194703;9.70036
jades-gds1-v2_prism-clear_1286_20088041.spec.fits;53.1755177;-27.78063559999998;20.08856544890826;9.70143
jades-gds-wide2-v2_prism-clear_b913.spec.fits;53.175500952761496;-27.780679388341554;17.317472284769522;9.71107
jades-gdn-v2_prism-clear_1181_55757.spec.fits;189.2176869;62.199492000000006;16.378709469243333;9.767988
abell2744-ddt-v2_prism-clear_2756_202.spec.fits;3.5950141;-30.40072409999999;17.237953229761487;9.792782
uncover-v2_prism-clear_2561_13151.spec.fits;3.592501339027848;-30.40146428899556;51.91177624126022;9.8025
ceers-v2_prism-clear_1345_80041.spec.fits;214.732525;52.75809;18.254902488114055;9.849051
uncover-v2_prism-clear_2561_26185.spec.fits;3.567070796096838;-30.3778606473943;41.166995881363704;10.061578
macsj0647-v2_prism-clear_1433_3349.spec.fits;101.971326;70.239716;96.89859074572827;10.173133
macsj0647-v2_prism-clear_1433_3593.spec.fits;101.982292;70.243269;134.8822057185793;10.17425
uncover-v2_prism-clear_b86.spec.fits;3.590154640364626;-30.359714238284766;59.18190155483923;10.205773
gds-deep-v2_prism-clear_1210_14177.spec.fits;53.15884;-27.77349199999998;25.22418082048633;10.349545
uncover-v2_prism-clear_2561_37126.spec.fits;3.590110771951833;-30.35974219091935;48.221694169609826;10.38478
jades-gdn2-v2_prism-clear_1181_3991.spec.fits;189.1060542;62.2420489;174.63842431242534;10.6092
jades-gdn2-v2_prism-clear_1181_3991.spec.fits;189.1060542;62.2420489;174.63842431242534;10.6092
jades-gdn2-v2_prism-clear_1181_3991.spec.fits;189.1060542;62.2420489;174.63842431242534;10.6092
ceers-ddt-v2_prism-clear_2750_69.spec.fits;214.861602;52.904603;3.3686570500760094;10.622904
gds-deep-v2_prism-clear_1210_14220.spec.fits;53.16476759999999;-27.77462639999999;65.79005951777907;11.13602
ceers-ddt-v2_prism-clear_2750_1.spec.fits;214.943148;52.942442;34.7147585787025;11.410931
ceers-ddt-v2_prism-clear_2750_10.spec.fits;214.906633;52.945504;25.564684942784286;11.49062
gds-udeep-v2_prism-clear_3215_20130158.spec.fits;53.1647617;-27.77462589999999;61.6093591393052;11.706042
gds-udeep-v2_prism-clear_3215_20096216.spec.fits;53.1663464;-27.8215573;42.17148071251136;12.51199
uncover-v2_prism-clear_2561_38766.spec.fits;3.513563315910684;-30.35679962823883;24.950579198231665;12.7822
gds-udeep-v2_prism-clear_3215_20128771.spec.fits;53.1498813;-27.77650249999999;46.06836165008457;13.36045
